Executive - Data Analyst,Flipkart,4.2,(11295 Reviews),https://www.naukri.com/job-listings-executive-data-analyst-flipkart-internet-private-limited-bangalore-bengaluru-0-to-2-years-141022915152,0-2 Yrs,7 Days Ago,Not disclosed,Bangalore/Bengaluru,"['Data analysis', 'Automation', 'Business intelligence', 'Macros', 'Analytics', 'Excel', 'power bi', 'Stakeholder management']"
Data Analyst - Python/Artificial Intelligence,iMindYourBusiness,,,https://www.naukri.com/job-listings-data-analyst-python-artificial-intelligence-imindyourbusiness-kolkata-mumbai-hyderabad-secunderabad-pune-chennai-ahmedabad-delhi-ncr-bangalore-bengaluru-0-to-2-years-221022900680,0-2 Yrs,Just Now,Not disclosed,"Kolkata, Mumbai, Hyderabad/Secunderabad, Pune, Chennai, Ahmedabad, Delhi / NCR, Bangalore/Bengaluru","['Data Analysis', 'VBA', 'C++', 'Python', 'SQL server', 'Advanced Excel', 'Artificial Intelligence', 'STEM']"
Data Analyst - Python/Artificial Intelligence,iMindYourBusiness,,,https://www.naukri.com/job-listings-data-analyst-python-artificial-intelligence-imindyourbusiness-kolkata-mumbai-hyderabad-secunderabad-lucknow-chennai-ahmedabad-bangalore-bengaluru-delhi-ncr-0-to-2-years-221022900667,0-2 Yrs,Just Now,Not disclosed,"Temp. WFH - Kolkata, Mumbai, Hyderabad/Secunderabad, Lucknow, Chennai, Ahmedabad, Bangalore/Bengaluru, Delhi / NCR","['Python', 'VBA', 'C++', 'Advanced Excel', 'SQL server', 'Data Science', 'Artificial Intelligence', 'Data Analyst']"
Professional - MIS Executive/ Data Analyst,Acuity Knowledge Partners,3.8,(319 Reviews),https://www.naukri.com/job-listings-professional-mis-executive-data-analyst-acuity-knowledge-services-india-private-limited-gurgaon-gurugram-3-to-6-years-140922003057,3-6 Yrs,2 Days Ago,Not disclosed,Hybrid - Gurgaon/Gurugram,"['MIS Reporting', 'Data Management', 'Data Analysis']"
"Sr. Data Analyst (BI) - Adv Excel, VBA-Macros",IKS Health,3.5,(1199 Reviews),https://www.naukri.com/job-listings-sr-data-analyst-bi-adv-excel-vba-macros-inventurus-knowledge-solutions-private-limited-navi-mumbai-3-to-6-years-150922004058,3-6 Yrs,1 Day Ago,Not disclosed,Navi Mumbai,[]
"Analyst, Data Management & Quantitative Analysis",BNY Mellon,4.2,(2598 Reviews),https://www.naukri.com/job-listings-analyst-data-management-quantitative-analysis-bny-mellon-international-operations-india-chennai-0-to-2-years-201022503159,0-2 Yrs,1 Day Ago,Not disclosed,Chennai,"['Analyst', 'Data management', 'Analytical', 'Finance', 'Manager Technology', 'Representative', 'Quantitative analysis']"
Senior Business Data Analyst ( Notice Period: 30 Days),Atyeti,3.8,(37 Reviews),https://www.naukri.com/job-listings-senior-business-data-analyst-notice-period-30-days-atyeti-it-services-private-limited-pune-5-to-10-years-151022005412,5-10 Yrs,2 Days Ago,Not disclosed,Hybrid - Pune,[]
Urgent Requirement Business Analyst / Data Analyst | Cars24 | Gurgaon,Cars24,3.7,(1926 Reviews),https://www.naukri.com/job-listings-urgent-requirement-business-analyst-data-analyst-cars24-gurgaon-cars24-services-private-limited-gurgaon-gurugram-delhi-ncr-5-to-10-years-171022005612,5-10 Yrs,4 Days Ago,"7,00,000 - 12,00,000 PA.","Gurgaon/Gurugram, Delhi / NCR",[]
Job Opportunity For Data Analyst Graduates,Ajanta Tech Agro,,,https://www.naukri.com/job-listings-opportunity-for-data-analyst-graduates-ajanta-tech-agro-private-limited-pune-0-to-1-years-170122005498,0-1 Yrs,6 Days Ago,"1,00,000 - 1,50,000 PA.",Pune,[]
Sr Data Analyst Il,IHS Markit,4.1,(526 Reviews),https://www.naukri.com/job-listings-sr-data-analyst-il-ihs-markit-gurgaon-gurugram-2-to-5-years-211022500678,2-5 Yrs,1 Day Ago,Not disclosed,Gurgaon/Gurugram,[]
Sr. Product Analyst / Sr. Business Analyst / Sr. Data Analyst,Fareportal,3.3,(561 Reviews),https://www.naukri.com/job-listings-sr-product-analyst-sr-business-analyst-sr-data-analyst-fareportal-india-pvt-ltd-delhi-ncr-4-to-8-years-171022008659,4-8 Yrs,4 Days Ago,Not disclosed,Temp. WFH - Delhi / NCR,"['data analysis', 'SQL', 'Python']"
Urgent Requirement Data Analyst // Cars24,Cars24,3.7,(1926 Reviews),https://www.naukri.com/job-listings-urgent-requirement-data-analyst-cars24-cars24-services-private-limited-hyderabad-secunderabad-pune-chennai-bangalore-bengaluru-delhi-ncr-mumbai-all-areas-4-to-9-years-171022003087,4-9 Yrs,4 Days Ago,"4,00,000 - 7,50,000 PA.","Hyderabad/Secunderabad, Pune, Chennai, Bangalore/Bengaluru, Delhi / NCR, Mumbai (All Areas)",[]
Reference Data Analyst,Deutsche Bank,4.2,(2163 Reviews),https://www.naukri.com/job-listings-201022500922,2-5 Yrs,1 Day Ago,Not disclosed,Bangalore/Bengaluru,[]
Senior Data Analyst,Xpressbees (BusyBees Logistics Solutions Pvt. Ltd.),4.0,(1139 Reviews),https://www.naukri.com/job-listings-senior-data-analyst-xpressbees-busybees-logistics-solutions-pvt-ltd-pune-4-to-9-years-221022900241,4-9 Yrs,Few Hours Ago,Not disclosed,Pune,"['Data Analysis', 'R', 'Spotfire', 'Tableau', 'SQL', 'data normalization', 'statistics']"
Business Data Analyst - Modeling & Profiling,Career Infosystem,,,https://www.naukri.com/job-listings-business-data-analyst-modeling-profiling-career-infosystem-mumbai-8-to-12-years-221022901009,8-12 Yrs,Just Now,Not disclosed,Mumbai,"['Business Analyst', 'Business Data Analyst', 'Data Profiling', 'Data Modeling', 'Data Analytics']"
Immediate Openings For Data Analyst Role - Pondicherry Location Freshe,Rapid Care,3.5,(26 Reviews),https://www.naukri.com/job-listings-immediate-openings-for-data-analyst-role-pondicherry-location-freshe-rapid-care-transcription-private-limited-pondicherry-puducherry-0-to-1-years-210422006435,0-1 Yrs,10 Days Ago,"50,000 - 1,50,000 PA.",Pondicherry/Puducherry,[]
Associate/Senior Associate - Data Engineer / Data Analyst,Morgan Stanley,4.1,(592 Reviews),https://www.naukri.com/job-listings-associate-senior-associate-data-engineer-data-analyst-morgan-stanley-advantage-services-pvt-ltd-mumbai-2-to-5-years-121022500942,2-5 Yrs,9 Days Ago,Not disclosed,Mumbai,"['Data analysis', 'Data management', 'Analytical', 'Data quality', 'Risk management', 'IT operations', 'Portfolio management', 'Analytics']"
Urgent opening For the position of Assistant Manager Data Analyst,Genpact,4.0,(20800 Reviews),https://www.naukri.com/job-listings-urgent-opening-for-the-position-of-assistant-manager-data-analyst-genpact-india-private-limited-kolkata-hyderabad-secunderabad-pune-gurgaon-gurugram-chennai-bangalore-bengaluru-delhi-ncr-mumbai-all-areas-1-to-5-years-111022007505,1-5 Yrs,10 Days Ago,Not disclosed,"Hybrid - Kolkata, Hyderabad/Secunderabad, Pune, Gurgaon/Gurugram, Chennai, Bangalore/Bengaluru, Delhi / NCR, Mumbai (All Areas)","['data analytics', 'advanced excel', 'business analysis', 'Tableau', 'exploratory data analysis', 'Power Bi', 'business consulting']"
Sr. Data Analyst,Congruex,4.1,(119 Reviews),https://www.naukri.com/job-listings-sr-data-analyst-congruex-asia-pacific-llp-mohali-6-to-8-years-310822000594,6-8 Yrs,1 Day Ago,"10,00,000 - 12,00,000 PA.",Temp. WFH - Mohali,[]
"Senior Data Analyst
",nurture.farm,3.9,(37 Reviews),https://www.naukri.com/job-listings-senior-data-analyst-nurture-farm-bangalore-bengaluru-3-to-8-years-260922004708,3-8 Yrs,1 Day Ago,Not disclosed,Bangalore/Bengaluru,['sql']
Executive - Data Analyst,Flipkart,4.2,(11295 Reviews),https://www.naukri.com/job-listings-executive-data-analyst-flipkart-internet-private-limited-bangalore-bengaluru-0-to-2-years-141022915152,0-2 Yrs,7 Days Ago,Not disclosed,Bangalore/Bengaluru,"['Data analysis', 'Automation', 'Business intelligence', 'Macros', 'Analytics', 'Excel', 'power bi', 'Stakeholder management']"
Data Analyst - Python/Artificial Intelligence,iMindYourBusiness,,,https://www.naukri.com/job-listings-data-analyst-python-artificial-intelligence-imindyourbusiness-kolkata-mumbai-hyderabad-secunderabad-pune-chennai-ahmedabad-delhi-ncr-bangalore-bengaluru-0-to-2-years-221022900680,0-2 Yrs,Just Now,Not disclosed,"Kolkata, Mumbai, Hyderabad/Secunderabad, Pune, Chennai, Ahmedabad, Delhi / NCR, Bangalore/Bengaluru","['Data Analysis', 'VBA', 'C++', 'Python', 'SQL server', 'Advanced Excel', 'Artificial Intelligence', 'STEM']"
Data Analyst - Python/Artificial Intelligence,iMindYourBusiness,,,https://www.naukri.com/job-listings-data-analyst-python-artificial-intelligence-imindyourbusiness-kolkata-mumbai-hyderabad-secunderabad-lucknow-chennai-ahmedabad-bangalore-bengaluru-delhi-ncr-0-to-2-years-221022900667,0-2 Yrs,Just Now,Not disclosed,"Temp. WFH - Kolkata, Mumbai, Hyderabad/Secunderabad, Lucknow, Chennai, Ahmedabad, Bangalore/Bengaluru, Delhi / NCR","['Python', 'VBA', 'C++', 'Advanced Excel', 'SQL server', 'Data Science', 'Artificial Intelligence', 'Data Analyst']"
Professional - MIS Executive/ Data Analyst,Acuity Knowledge Partners,3.8,(319 Reviews),https://www.naukri.com/job-listings-professional-mis-executive-data-analyst-acuity-knowledge-services-india-private-limited-gurgaon-gurugram-3-to-6-years-140922003057,3-6 Yrs,2 Days Ago,Not disclosed,Hybrid - Gurgaon/Gurugram,"['MIS Reporting', 'Data Management', 'Data Analysis']"
"Sr. Data Analyst (BI) - Adv Excel, VBA-Macros",IKS Health,3.5,(1199 Reviews),https://www.naukri.com/job-listings-sr-data-analyst-bi-adv-excel-vba-macros-inventurus-knowledge-solutions-private-limited-navi-mumbai-3-to-6-years-150922004058,3-6 Yrs,1 Day Ago,Not disclosed,Navi Mumbai,[]
"Analyst, Data Management & Quantitative Analysis",BNY Mellon,4.2,(2598 Reviews),https://www.naukri.com/job-listings-analyst-data-management-quantitative-analysis-bny-mellon-international-operations-india-chennai-0-to-2-years-201022503159,0-2 Yrs,1 Day Ago,Not disclosed,Chennai,"['Analyst', 'Data management', 'Analytical', 'Finance', 'Manager Technology', 'Representative', 'Quantitative analysis']"
Senior Business Data Analyst ( Notice Period: 30 Days),Atyeti,3.8,(37 Reviews),https://www.naukri.com/job-listings-senior-business-data-analyst-notice-period-30-days-atyeti-it-services-private-limited-pune-5-to-10-years-151022005412,5-10 Yrs,2 Days Ago,Not disclosed,Hybrid - Pune,[]
Urgent Requirement Business Analyst / Data Analyst | Cars24 | Gurgaon,Cars24,3.7,(1926 Reviews),https://www.naukri.com/job-listings-urgent-requirement-business-analyst-data-analyst-cars24-gurgaon-cars24-services-private-limited-gurgaon-gurugram-delhi-ncr-5-to-10-years-171022005612,5-10 Yrs,4 Days Ago,"7,00,000 - 12,00,000 PA.","Gurgaon/Gurugram, Delhi / NCR",[]
Job Opportunity For Data Analyst Graduates,Ajanta Tech Agro,,,https://www.naukri.com/job-listings-opportunity-for-data-analyst-graduates-ajanta-tech-agro-private-limited-pune-0-to-1-years-170122005498,0-1 Yrs,6 Days Ago,"1,00,000 - 1,50,000 PA.",Pune,[]
Sr Data Analyst Il,IHS Markit,4.1,(526 Reviews),https://www.naukri.com/job-listings-sr-data-analyst-il-ihs-markit-gurgaon-gurugram-2-to-5-years-211022500678,2-5 Yrs,1 Day Ago,Not disclosed,Gurgaon/Gurugram,[]
Sr. Product Analyst / Sr. Business Analyst / Sr. Data Analyst,Fareportal,3.3,(561 Reviews),https://www.naukri.com/job-listings-sr-product-analyst-sr-business-analyst-sr-data-analyst-fareportal-india-pvt-ltd-delhi-ncr-4-to-8-years-171022008659,4-8 Yrs,4 Days Ago,Not disclosed,Temp. WFH - Delhi / NCR,"['data analysis', 'SQL', 'Python']"
Urgent Requirement Data Analyst // Cars24,Cars24,3.7,(1926 Reviews),https://www.naukri.com/job-listings-urgent-requirement-data-analyst-cars24-cars24-services-private-limited-hyderabad-secunderabad-pune-chennai-bangalore-bengaluru-delhi-ncr-mumbai-all-areas-4-to-9-years-171022003087,4-9 Yrs,4 Days Ago,"4,00,000 - 7,50,000 PA.","Hyderabad/Secunderabad, Pune, Chennai, Bangalore/Bengaluru, Delhi / NCR, Mumbai (All Areas)",[]
Reference Data Analyst,Deutsche Bank,4.2,(2163 Reviews),https://www.naukri.com/job-listings-201022500922,2-5 Yrs,1 Day Ago,Not disclosed,Bangalore/Bengaluru,[]
Senior Data Analyst,Xpressbees (BusyBees Logistics Solutions Pvt. Ltd.),4.0,(1139 Reviews),https://www.naukri.com/job-listings-senior-data-analyst-xpressbees-busybees-logistics-solutions-pvt-ltd-pune-4-to-9-years-221022900241,4-9 Yrs,Few Hours Ago,Not disclosed,Pune,"['Data Analysis', 'R', 'Spotfire', 'Tableau', 'SQL', 'data normalization', 'statistics']"
Business Data Analyst - Modeling & Profiling,Career Infosystem,,,https://www.naukri.com/job-listings-business-data-analyst-modeling-profiling-career-infosystem-mumbai-8-to-12-years-221022901009,8-12 Yrs,Just Now,Not disclosed,Mumbai,"['Business Analyst', 'Business Data Analyst', 'Data Profiling', 'Data Modeling', 'Data Analytics']"
Immediate Openings For Data Analyst Role - Pondicherry Location Freshe,Rapid Care,3.5,(26 Reviews),https://www.naukri.com/job-listings-immediate-openings-for-data-analyst-role-pondicherry-location-freshe-rapid-care-transcription-private-limited-pondicherry-puducherry-0-to-1-years-210422006435,0-1 Yrs,10 Days Ago,"50,000 - 1,50,000 PA.",Pondicherry/Puducherry,[]
Associate/Senior Associate - Data Engineer / Data Analyst,Morgan Stanley,4.1,(592 Reviews),https://www.naukri.com/job-listings-associate-senior-associate-data-engineer-data-analyst-morgan-stanley-advantage-services-pvt-ltd-mumbai-2-to-5-years-121022500942,2-5 Yrs,9 Days Ago,Not disclosed,Mumbai,"['Data analysis', 'Data management', 'Analytical', 'Data quality', 'Risk management', 'IT operations', 'Portfolio management', 'Analytics']"
Urgent opening For the position of Assistant Manager Data Analyst,Genpact,4.0,(20800 Reviews),https://www.naukri.com/job-listings-urgent-opening-for-the-position-of-assistant-manager-data-analyst-genpact-india-private-limited-kolkata-hyderabad-secunderabad-pune-gurgaon-gurugram-chennai-bangalore-bengaluru-delhi-ncr-mumbai-all-areas-1-to-5-years-111022007505,1-5 Yrs,10 Days Ago,Not disclosed,"Hybrid - Kolkata, Hyderabad/Secunderabad, Pune, Gurgaon/Gurugram, Chennai, Bangalore/Bengaluru, Delhi / NCR, Mumbai (All Areas)","['data analytics', 'advanced excel', 'business analysis', 'Tableau', 'exploratory data analysis', 'Power Bi', 'business consulting']"
Sr. Data Analyst,Congruex,4.1,(119 Reviews),https://www.naukri.com/job-listings-sr-data-analyst-congruex-asia-pacific-llp-mohali-6-to-8-years-310822000594,6-8 Yrs,1 Day Ago,"10,00,000 - 12,00,000 PA.",Temp. WFH - Mohali,[]
"Senior Data Analyst
",nurture.farm,3.9,(37 Reviews),https://www.naukri.com/job-listings-senior-data-analyst-nurture-farm-bangalore-bengaluru-3-to-8-years-260922004708,3-8 Yrs,1 Day Ago,Not disclosed,Bangalore/Bengaluru,['sql']
Immediate Opening - Data Analyst - Walk in - Registration Mandatory,Signals And Systems,4.2,(57 Reviews),https://www.naukri.com/job-listings-immediate-opening-data-analyst-walk-in-registration-mandatory-signals-systems-india-pvt-ltd-chennai-0-to-3-years-171022003545,,4 Days Ago,Not disclosed,Chennai,[]
Professional - MIS Executive/ Data Analyst,Acuity Knowledge Partners,3.8,(319 Reviews),https://www.naukri.com/job-listings-professional-mis-executive-data-analyst-acuity-knowledge-services-india-private-limited-gurgaon-gurugram-3-to-6-years-140922003057,3-6 Yrs,2 Days Ago,Not disclosed,Hybrid - Gurgaon/Gurugram,"['MIS Reporting', 'Data Management', 'Data Analysis']"
AVP-Data Analyst,Allegis Services India Pvt. Ltd.,,,https://www.naukri.com/job-listings-avp-data-analyst-allegis-services-india-pvt-ltd-gurgaon-gurugram-11-to-16-years-171022004883,11-16 Yrs,4 Days Ago,Not disclosed,Hybrid - Gurgaon/Gurugram,[]
Virtue Analytics - Data Analyst,Virtue Analytics,4.6,(7 Reviews),https://www.naukri.com/job-listings-virtue-analytics-data-analyst-virtue-analytics-lucknow-1-to-3-years-221022900232,1-3 Yrs,Few Hours Ago,Not disclosed,Lucknow,"['Data Science', 'Data Analytics', 'Analytics', 'Python']"
"Data Analyst, Marketing & Communications",Parity Technologies,,,https://www.naukri.com/job-listings-data-analyst-marketing-communications-parity-technologies-remote-1-to-4-years-201022502137,1-4 Yrs,1 Day Ago,Not disclosed,remote,"['GDPR', 'data analytics', 'SQL', 'Python', 'GCP', 'Data analysis', 'Social media', 'Manager Technology']"
Senior Business Data Analyst ( Notice Period: 30 Days),Atyeti,3.8,(37 Reviews),https://www.naukri.com/job-listings-senior-business-data-analyst-notice-period-30-days-atyeti-it-services-private-limited-pune-5-to-10-years-151022005412,5-10 Yrs,2 Days Ago,Not disclosed,Hybrid - Pune,[]
Job Opportunity For Data Analyst Graduates,Ajanta Tech Agro,,,https://www.naukri.com/job-listings-opportunity-for-data-analyst-graduates-ajanta-tech-agro-private-limited-pune-0-to-1-years-170122005498,0-1 Yrs,6 Days Ago,"1,00,000 - 1,50,000 PA.",Pune,[]
Sr Data Analyst Il,IHS Markit,4.1,(526 Reviews),https://www.naukri.com/job-listings-sr-data-analyst-il-ihs-markit-gurgaon-gurugram-2-to-5-years-211022500678,2-5 Yrs,1 Day Ago,Not disclosed,Gurgaon/Gurugram,[]
Data Analyst - Legal Operations,Unitedlex,3.5,(296 Reviews),https://www.naukri.com/job-listings-data-analyst-legal-operations-unitedlex-bpo-private-limited-gurgaon-gurugram-bangalore-bengaluru-3-to-7-years-131022012312,3-7 Yrs,8 Days Ago,Not disclosed,"Gurgaon/Gurugram, Bangalore/Bengaluru",[]
Sr. Product Analyst / Sr. Business Analyst / Sr. Data Analyst,Fareportal,3.3,(561 Reviews),https://www.naukri.com/job-listings-sr-product-analyst-sr-business-analyst-sr-data-analyst-fareportal-india-pvt-ltd-delhi-ncr-4-to-8-years-171022008659,4-8 Yrs,4 Days Ago,Not disclosed,Temp. WFH - Delhi / NCR,"['data analysis', 'SQL', 'Python']"
"Analyst, Data Management & Quantitative Analysis",BNY Mellon,4.2,(2598 Reviews),https://www.naukri.com/job-listings-analyst-data-management-quantitative-analysis-bny-mellon-international-operations-india-chennai-0-to-2-years-201022503159,0-2 Yrs,1 Day Ago,Not disclosed,Chennai,"['Analyst', 'Data management', 'Analytical', 'Finance', 'Manager Technology', 'Representative', 'Quantitative analysis']"
Reference Data Analyst,Deutsche Bank,4.2,(2163 Reviews),https://www.naukri.com/job-listings-201022500922,2-5 Yrs,1 Day Ago,Not disclosed,Bangalore/Bengaluru,[]
Data Analyst/Sr Data Analyst (Only Immediate Joiners),Adecco India Private Limited   ,,,https://www.naukri.com/job-listings-data-analyst-sr-data-analyst-only-immediate-joiners-adecco-india-private-limited-bangalore-bengaluru-1-to-5-years-171022002468,1-5 Yrs,1 Day Ago,"10,00,000 - 20,00,000 PA.",Bangalore/Bengaluru,[]
Senior Data Analyst,Cleint of Vision Unlimited,,,https://www.naukri.com/job-listings-senior-data-analyst-cleint-of-vision-unlimited-mohali-chandigarh-2-to-7-years-051120601132,2-7 Yrs,4 Days Ago,"4,00,000 - 6,50,000 PA.","Mohali, Chandigarh","['Business Analytics', 'Data Analysis', 'kpo', 'Reporting', 'Data Analytics']"
Senior Data Analyst,Xpressbees (BusyBees Logistics Solutions Pvt. Ltd.),4.0,(1139 Reviews),https://www.naukri.com/job-listings-senior-data-analyst-xpressbees-busybees-logistics-solutions-pvt-ltd-pune-4-to-9-years-221022900241,4-9 Yrs,Few Hours Ago,Not disclosed,Pune,"['Data Analysis', 'R', 'Spotfire', 'Tableau', 'SQL', 'data normalization', 'statistics']"
Data Analyst - IVMS,Shell,4.4,(1257 Reviews),https://www.naukri.com/job-listings-data-analyst-ivms-shell-india-markets-private-limited-bangalore-bengaluru-2-to-4-years-181022912559,2-4 Yrs,3 Days Ago,Not disclosed,Bangalore/Bengaluru,"['power BI', 'excel', 'technical support', 'data analysis', 'data analytics', 'Vehicle Monitoring System', 'business analytics', 'Vehicle safety inspection']"
Data Analyst - IVMS,Shell,4.4,(1257 Reviews),https://www.naukri.com/job-listings-data-analyst-ivms-shell-india-markets-private-limited-bangalore-bengaluru-2-to-5-years-181022910640,2-5 Yrs,3 Days Ago,Not disclosed,Bangalore/Bengaluru,"['data analysis', 'excel', 'macros', 'Power point', 'data analytics', 'power BI', 'business analytics', 'transportation risk assessment']"
Data Analyst - Data & Analytics,M&amp;G plc,4.2,(7 Reviews),https://www.naukri.com/job-listings-data-analyst-data-analytics-m-amp-g-plc-mumbai-2-to-3-years-151022500346,2-3 Yrs,6 Days Ago,Not disclosed,Mumbai,[]
Data Analyst - Data & Analytics,MG Global,,,https://www.naukri.com/job-listings-data-analyst-data-analytics-mg-global-mumbai-7-to-12-years-151022500284,7-12 Yrs,6 Days Ago,Not disclosed,Mumbai,"['Data analysis', 'Coding', 'Information security', 'Customer service', 'Manager Quality Control', 'Business intelligence', 'Information technology', 'Analytics']"
Sr Data Analyst/Data Scientist ||exp 4-7Yrs||,UnicornHead Online Ventures India Pvt. Ltd.  ,,,https://www.naukri.com/job-listings-sr-data-analyst-data-scientist-exp-4-7yrs-unicornhead-online-ventures-india-pvt-ltd-delhi-ncr-4-to-7-years-191022005620,4-7 Yrs,2 Days Ago,Not disclosed,Delhi / NCR,"['predictive modeling', 'machine learning', 'matlab', 'python', 'r', 'numpy', 'sql']"
Guidewire Data Analyst,Tech Mahindra,3.7,(21525 Reviews),https://www.naukri.com/job-listings-guidewire-data-analyst-tech-mahindra-ltd-hyderabad-secunderabad-chennai-bangalore-bengaluru-4-to-8-years-181022014733,4-8 Yrs,3 Days Ago,Not disclosed,"Hyderabad/Secunderabad, Chennai, Bangalore/Bengaluru","['Gap Analysis', 'SQL Queries', 'guidewire', 'Microsoft SQL', 'data analysis']"
Hiring For Data Analyst,Flipkart,4.2,(11295 Reviews),https://www.naukri.com/job-listings-hiring-for-data-analyst-flipkart-internet-private-limited-bangalore-bengaluru-2-to-6-years-141022012402,2-6 Yrs,7 Days Ago,"5,00,000 - 9,00,000 PA.",Hybrid - Bangalore/Bengaluru,"['VBA', 'Big Data', 'Data Extraction', 'Data warehouse', 'SQL', 'data analysis', 'data mining', 'Reporting']"
Associate - Data Analyst,Pfizer,4.2,(4924 Reviews),https://www.naukri.com/job-listings-associate-data-analyst-pfizer-limited-chennai-1-to-4-years-171022501887,1-4 Yrs,4 Days Ago,Not disclosed,Chennai,"['Supply chain management', 'Operational excellence', 'MS Access', 'Data management', 'Analytical', 'Data quality', 'MS Office', 'Continuous improvement']"
BI and Data Analyst- Night Shift,Oracle,3.9,(3937 Reviews),https://www.naukri.com/job-listings-bi-and-data-analyst-night-shift-oracle-india-pvt-ltd-hyderabad-secunderabad-bangalore-bengaluru-5-to-10-years-141022009147,5-10 Yrs,7 Days Ago,Not disclosed,"Hybrid - Hyderabad/Secunderabad, Bangalore/Bengaluru","['Oracle BI', 'IT Skills', 'Python', 'Cloud', 'Product Management', 'Oracle', 'Big Data', 'Tableau']"
Immediate Opening - Data Analyst - Walk in - Registration Mandatory,Signals And Systems,4.2,(57 Reviews),https://www.naukri.com/job-listings-immediate-opening-data-analyst-walk-in-registration-mandatory-signals-systems-india-pvt-ltd-chennai-0-to-3-years-171022003545,,4 Days Ago,Not disclosed,Chennai,"['Pivot Table', 'Excel', 'VLOOKUP', 'Formulas', 'Data Analysis', 'Data Analytics']"
Associate Data Analyst / Data Analyst,Urjanet Energy Solutions,4.0,(77 Reviews),https://www.naukri.com/job-listings-associate-data-analyst-data-analyst-urjanet-energy-solutions-pvt-ltd-chennai-0-to-3-years-131022009465,0-3 Yrs,8 Days Ago,Not disclosed,Chennai,"['Communication Skills', 'Logical Approach', 'Excel', 'Analytical Skills', 'Data Analyst', 'data analysis', 'analytical', 'SQL queries']"
Technical Data Analyst,Datumlyze,,,https://www.naukri.com/job-listings-technical-data-analyst-datumlyze-pvt-ltd-chennai-0-to-2-years-040222005193,0-2 Yrs,15 Days Ago,"1,75,000 - 4,00,000 PA.",Temp. WFH - Chennai,"['Pivot Table', 'Excel', 'VLOOKUP', 'data analysis', 'Unix', 'MS Office', 'analytical', 'Linux']"
Intern – Computer Science/ Data Analyst,Pratham Edusys,,,https://www.naukri.com/job-listings-intern-computer-science-data-analyst-pratham-edusys-pvt-ltd-gurgaon-gurugram-0-to-1-years-111022500594,0-1 Yrs,10 Days Ago,Not disclosed,Gurgaon/Gurugram,"['Computer science', 'Electrical engineering', 'Data validation', 'Senior management', 'Analytical', 'Data collection', 'Internship', 'Recruitment']"
Senior Data Analyst,Thomson Reuters,4.3,(1321 Reviews),https://www.naukri.com/job-listings-senior-data-analyst-thomson-reuters-india-pvt-ltd-bangalore-bengaluru-4-to-9-years-121022501660,4-9 Yrs,9 Days Ago,Not disclosed,Bangalore/Bengaluru,"['data cleansing', 'Change management', 'Data validation', 'Data migration', 'SAP', 'Diversity and Inclusion', 'Taxation', 'JIRA']"
Senior Data Analyst - Python Hadoop,Capco,3.8,(222 Reviews),https://www.naukri.com/job-listings-senior-data-analyst-python-hadoop-capco-technologies-pvt-ltd-bangalore-bengaluru-5-to-10-years-071022501019,5-10 Yrs,14 Days Ago,Not disclosed,Bangalore/Bengaluru,"['Relationship management', 'Data analysis', 'Bfsi', 'Business analysis', 'Risk assessment', 'Data quality', 'Investment banking', 'Asset management']"
Data Analyst,Claysol Media Labs,3.5,(4 Reviews),https://www.naukri.com/job-listings-data-analyst-claysol-media-labs-bangalore-bengaluru-5-to-7-years-191022008028,5-7 Yrs,2 Days Ago,"8,00,000 - 13,00,000 PA.",Bangalore/Bengaluru,"['Data Analysis', 'Data warehouse', 'Snowflake', 'ETL', 'Power BI', 'Warehousing', 'Tableau', 'Azure']"
HR Data Analyst | Pepsico,Talent500,3.2,(13 Reviews),https://www.naukri.com/job-listings-hr-data-analyst-pepsico-talent500-tech-india-private-limited-hyderabad-secunderabad-chennai-bangalore-bengaluru-3-to-6-years-211022006047,3-6 Yrs,1 Day Ago,Not disclosed,"Hyderabad/Secunderabad, Chennai, Bangalore/Bengaluru","['python', 'Tableau']"
Lead Data Analyst - CPG Reporting | Pepsico,Talent500,3.2,(13 Reviews),https://www.naukri.com/job-listings-lead-data-analyst-cpg-reporting-pepsico-talent500-tech-india-private-limited-hyderabad-secunderabad-chennai-bangalore-bengaluru-7-to-12-years-211022005096,7-12 Yrs,1 Day Ago,Not disclosed,"Hyderabad/Secunderabad, Chennai, Bangalore/Bengaluru",['data analysis']
Data Analyst,K12 Techno Services,3.1,(387 Reviews),https://www.naukri.com/job-listings-data-analyst-k12-techno-services-pvt-ltd-bangalore-bengaluru-2-to-4-years-211022004835,2-4 Yrs,1 Day Ago,"3,00,000 - 4,00,000 PA.",Bangalore/Bengaluru,"['Google Sheets', 'Pivot Table', 'CRM', 'data analysis', 'MIS', 'VLOOKUP', 'Advanced Excel']"
Data Analyst,Megma Services,,,https://www.naukri.com/job-listings-data-analyst-megma-services-mumbai-1-to-6-years-201022906085,1-6 Yrs,1 Day Ago,Not disclosed,Mumbai,"['MIS', 'MIS executive', 'PHP', 'CakePHP', 'Data Analyst', 'Laravel', 'Core PHP']"
Data Analyst,Zoom Start India,,,https://www.naukri.com/job-listings-data-analyst-zoom-start-india-bangalore-bengaluru-3-to-4-years-201022500284,3-4 Yrs,1 Day Ago,Not disclosed,Bangalore/Bengaluru,"['quantitative analysis', 'SQL', 'Tableau', 'communication', 'IT Skills', 'Computer science', 'Data analysis', 'Analytical']"
Hiring Data Analyst For Bangalore/Chennai Location,The It Mind Services,4.6,(4 Reviews),https://www.naukri.com/job-listings-hiring-data-analyst-for-bangalore-chennai-location-the-it-mind-services-chennai-bangalore-bengaluru-7-to-12-years-191022013466,7-12 Yrs,2 Days Ago,"5,50,000 - 11,00,000 PA.","Hybrid - Chennai, Bangalore/Bengaluru","['Data Analyst', 'data analysis', 'Data Modeling', 'SQL']"
Virtue Analytics - Data Analyst,Virtue Analytics,4.6,(7 Reviews),https://www.naukri.com/job-listings-virtue-analytics-data-analyst-virtue-analytics-lucknow-1-to-3-years-221022900232,1-3 Yrs,Few Hours Ago,Not disclosed,Lucknow,"['Data Science', 'Data Analytics', 'Analytics', 'Python']"
Zscaler Financial Data Analyst,Zscaler Softech,4.2,(120 Reviews),https://www.naukri.com/job-listings-zscaler-financial-data-analyst-zscaler-inc-sahibzada-ajit-singh-nagar-2-to-5-years-211022502466,2-5 Yrs,Few Hours Ago,Not disclosed,Sahibzada Ajit Singh Nagar,"['ERP', 'Automation', 'Payroll', 'Data management', 'QlikView', 'Analytics', 'SQL', 'CRM']"
Data Analyst,Etraveli,4.1,(11 Reviews),https://www.naukri.com/job-listings-data-analyst-etraveli-mumbai-3-to-5-years-201022503046,3-5 Yrs,1 Day Ago,Not disclosed,Mumbai,"['BPO', 'Automation', 'Business reporting', 'qlik sense', 'VLOOKUP', 'IFS', 'power bi', 'Data Analyst']"
"Data Analyst, Marketing & Communications",Parity Technologies,,,https://www.naukri.com/job-listings-data-analyst-marketing-communications-parity-technologies-remote-1-to-4-years-201022502137,1-4 Yrs,1 Day Ago,Not disclosed,remote,"['GDPR', 'data analytics', 'SQL', 'Python', 'GCP', 'IT Skills', 'Program Management', 'Data analysis']"
Zscaler Financial Data Analyst,Zscaler Softech,4.2,(120 Reviews),https://www.naukri.com/job-listings-zscaler-financial-data-analyst-cloudneeti-mohali-4-to-8-years-201022500384,4-8 Yrs,1 Day Ago,Not disclosed,Mohali,"['ERP', 'Automation', 'Payroll', 'Data management', 'QlikView', 'Analytics', 'SQL', 'CRM']"
Data Analyst,Jio,4.0,(14850 Reviews),https://www.naukri.com/job-listings-data-analyst-reliance-jio-infocomm-ltd-mumbai-8-to-13-years-151022501395,8-13 Yrs,6 Days Ago,Not disclosed,Mumbai,"['Report generation', 'Data analysis', 'Data management', 'Machine learning', 'Data structures', 'Business modeling', 'Mobile applications', 'Data mining']"
Data Analyst,Orbit Semiconductor Services,,,https://www.naukri.com/job-listings-data-analyst-orbit-technical-solutions-mohali-0-to-4-years-211022005892,0-4 Yrs,1 Day Ago,Not disclosed,Mohali,"['Tableau', 'power bi', 'sql', 'Python']"
AEP Data Analyst,CGI,4.2,(2020 Reviews),https://www.naukri.com/job-listings-aep-data-analyst-cgi-information-systems-and-management-consultants-private-limited-bangalore-bengaluru-3-to-5-years-181022914198,3-5 Yrs,3 Days Ago,Not disclosed,Bangalore/Bengaluru,"['Data Analysis', 'ServiceNow', 'Cross device analytics', 'Cohort analysis', 'AEP Data Analyst', 'data structures', 'Adhoc analysis']"
Data Analyst- Yulu Energy,Yulu Bikes,4.8,(20 Reviews),https://www.naukri.com/job-listings-data-analyst-yulu-energy-yulu-bikes-private-limited-bangalore-bengaluru-1-to-3-years-171022003604,1-3 Yrs,4 Days Ago,Not disclosed,Bangalore/Bengaluru,"['Analytical skills', 'Database design', 'Analytical', 'Process improvement', 'Data Analyst', 'Manager Quality Control', 'Data mining', 'Data warehousing']"
Data Analyst - Legal Operations,Unitedlex,3.5,(296 Reviews),https://www.naukri.com/job-listings-data-analyst-legal-operations-unitedlex-bpo-private-limited-gurgaon-gurugram-bangalore-bengaluru-3-to-7-years-131022012312,3-7 Yrs,8 Days Ago,Not disclosed,"Gurgaon/Gurugram, Bangalore/Bengaluru","['data analysis', 'advance excel', 'financial reporting', 'data analytics', 'legal operations', 'Data Cleansing', 'Powerpoint', 'MS Office Word']"
Programmer / Data Analyst,Frost & Sullivan,3.7,(99 Reviews),https://www.naukri.com/job-listings-programmer-data-analyst-frost-and-sullivan-india-private-limited-kolkata-hyderabad-secunderabad-pune-ahmedabad-bangalore-bengaluru-delhi-ncr-mumbai-all-areas-karnataka-tamil-nadu-3-to-7-years-090922001343,3-7 Yrs,9 Days Ago,Not disclosed,"Kolkata, Hyderabad/Secunderabad, Pune, Ahmedabad, Bangalore/Bengaluru, Delhi / NCR, Mumbai (All Areas), Karnataka, Tamil Nadu","['CATI', 'Cawi', 'customer analytics', 'customer service orientation', 'data analysis', 'data processing', 'Sawtooth', 'Voxco']"
Data Analyst For MNC Company |  Surat |,Venus Consultancy                             ,,,https://www.naukri.com/job-listings-data-analyst-for-mnc-company-surat-venus-consultancy-surat-0-to-5-years-211022008652,0-5 Yrs,1 Day Ago,"1,25,000 - 3,00,000 PA.",Surat,"['Data Analyst', 'Pivot Table', 'Advance excel', 'Countif', 'VLOOKUP', 'Data Analysis', 'Statistical Modeling', 'Data Analytics']"
Senior Analyst - Data Analysis,Tesco Bengaluru,4.2,(1001 Reviews),https://www.naukri.com/job-listings-senior-analyst-data-analysis-tesco-bengaluru-bangalore-bengaluru-2-to-7-years-171022500354,2-7 Yrs,4 Days Ago,Not disclosed,Bangalore/Bengaluru,"['Microstrategy', 'Business services', 'Automation', 'Analytical', 'Data quality', 'Teradata', 'microsoft', 'SQL']"
Data Analyst - SAS/SQL,Quillsoft IT Services,,,https://www.naukri.com/job-listings-data-analyst-sas-sql-quillsoft-it-services-bangalore-bengaluru-3-to-6-years-211022905986,3-6 Yrs,1 Day Ago,Not disclosed,Bangalore/Bengaluru,"['SAS', 'logistic regression', 'Web Analytics', 'Python', 'Machine Learning', 'MIS', 'analytical', 'R']"
Data Analyst,Fresh to Home,,,https://www.naukri.com/job-listings-data-analyst-fresh-to-home-bangalore-bengaluru-2-to-4-years-201022912017,2-4 Yrs,1 Day Ago,Not disclosed,Bangalore/Bengaluru,"['Data analytics', 'R', 'SQL', 'Python']"
Trainer- Data Analyst,Hire Hub Hiring Solutions,,,https://www.naukri.com/job-listings-trainer-data-analyst-hire-hub-hiring-solutions-mumbai-1-to-4-years-201022905637,1-4 Yrs,1 Day Ago,Not disclosed,Temp. WFH - Mumbai,"['Data Analytics', 'Trainer Data Analyst', 'SAS', 'python trainer', 'AI', 'machine learning trainer', 'R Programing', 'tech trainer']"
HR Data Analyst/ Specialist,Medline,4.2,(117 Reviews),https://www.naukri.com/job-listings-hr-data-analyst-specialist-medline-industries-india-private-limited-pune-4-to-7-years-141022012949,4-7 Yrs,7 Days Ago,"8,00,000 - 13,00,000 PA.",Hybrid - Pune,"['HR Data Analyst', 'HR Data Specialist']"
Data Analyst,Integreon,3.6,(426 Reviews),https://www.naukri.com/job-listings-data-analyst-integreon-mumbai-0-to-2-years-040722500979,0-2 Yrs,30+ Days Ago,Not disclosed,Mumbai,"['Computer science', 'Business services', 'Administration', 'Data management', 'Process improvement', 'Finance', 'Market research', 'Business solutions']"
Sr. Data Analyst,Thomson Reuters,4.3,(1321 Reviews),https://www.naukri.com/job-listings-sr-data-analyst-thomson-reuters-india-pvt-ltd-hyderabad-secunderabad-2-to-4-years-141022502817,2-4 Yrs,7 Days Ago,Not disclosed,Hyderabad/Secunderabad,"['Compliance', 'Business analysis', 'Analytical', 'Diversity and Inclusion', 'Legal', 'Data Analyst', 'Power point presentation', 'Taxation']"
Sr. Data Analyst - Product Hiring,Cbre,4.3,(2440 Reviews),https://www.naukri.com/job-listings-sr-data-analyst-product-hiring-cbre-south-asia-pvt-ltd-noida-hyderabad-secunderabad-gurgaon-gurugram-5-to-9-years-121022017329,5-9 Yrs,9 Days Ago,Not disclosed,"Hybrid - Noida, Hyderabad/Secunderabad, Gurgaon/Gurugram","['data analysis', 'Power Bi', 'Data Mining', 'SQL', 'python', 'Data Extraction']"
Data Analyst - Digital Services,Faurecia,4.0,(986 Reviews),https://www.naukri.com/job-listings-data-analyst-digital-services-faurecia-india-private-limited-pune-5-to-9-years-181022007687,5-9 Yrs,3 Days Ago,Not disclosed,Hybrid - Pune,"['Postgresql', 'SQL Database', 'Business Analysis', 'Python', 'excel', 'data mining', 'Data Management', 'Data Analysis']"
Data Analyst - IVMS,Shell,4.4,(1257 Reviews),https://www.naukri.com/job-listings-data-analyst-ivms-shell-india-markets-private-limited-bangalore-bengaluru-2-to-4-years-181022912559,2-4 Yrs,3 Days Ago,Not disclosed,Bangalore/Bengaluru,"['power BI', 'excel', 'technical support', 'data analysis', 'data analytics', 'Vehicle Monitoring System', 'business analytics', 'Vehicle safety inspection']"
Data Analyst - IVMS,Shell,4.4,(1257 Reviews),https://www.naukri.com/job-listings-data-analyst-ivms-shell-india-markets-private-limited-bangalore-bengaluru-2-to-5-years-181022910640,2-5 Yrs,3 Days Ago,Not disclosed,Bangalore/Bengaluru,"['data analysis', 'excel', 'macros', 'Power point', 'data analytics', 'power BI', 'business analytics', 'transportation risk assessment']"
Financial Data Analyst - SFG,Acuity Knowledge Partners,3.8,(319 Reviews),https://www.naukri.com/job-listings-financial-data-analyst-sfg-moody-s-shared-services-india-private-limited-bangalore-bengaluru-1-to-3-years-171022007411,1-3 Yrs,4 Days Ago,Not disclosed,Bangalore/Bengaluru,"['data analysis', 'credit analysis', 'analytical ability', 'fixed income', 'structured finance']"
Data Analyst,Calderys India Refractories,4.1,(93 Reviews),https://www.naukri.com/job-listings-data-analyst-calderys-india-refractories-ltd-nagpur-1-to-3-years-211022006106,1-3 Yrs,1 Day Ago,Not disclosed,Nagpur,"['Finance', 'Data Analysis']"
Data Analyst - Qlik-View/Qlik Sense & power BI,TeamPlus Staffing Solution Pvt Ltd,4.7,(5 Reviews),https://www.naukri.com/job-listings-data-analyst-qlik-view-qlik-sense-power-bi-teamplus-staffing-solution-pvt-ltd-remote-3-to-7-years-201022503258,3-7 Yrs,1 Day Ago,Not disclosed,Remote,"['SQL queries', 'qlik sense', 'Analytical', 'Reporting services', 'SSRS', 'power bi', 'QlikView', 'SSIS']"
Data Analyst,Webonise Lab,4.2,(30 Reviews),https://www.naukri.com/job-listings-data-analyst-webonise-lab-pune-1-to-5-years-201022502318,1-5 Yrs,1 Day Ago,Not disclosed,Pune,"['SPSS', 'Redshift', 'analytical', 'Datawarehouse', 'XML', 'Power BI', 'Tableau', 'communication']"
Marketing Data Analyst,Pandocorp,4.3,(7 Reviews),https://www.naukri.com/job-listings-marketing-data-analyst-pandocorp-chennai-1-to-4-years-201022501769,1-4 Yrs,1 Day Ago,Not disclosed,Chennai,"['Data Analysis', 'Excel', 'Supply chain', 'Data validation', 'Data Analyst', 'data enrichment', 'digital transformation', 'Auditing']"
Data Analyst - Data & Analytics,M&amp;G plc,4.2,(7 Reviews),https://www.naukri.com/job-listings-data-analyst-data-analytics-m-amp-g-plc-mumbai-2-to-3-years-151022500346,2-3 Yrs,6 Days Ago,Not disclosed,Mumbai,"['Data analysis', 'Coding', 'Information security', 'Customer service', 'Manager Quality Control', 'Business intelligence', 'Information technology', 'Analytics']"
Data Analyst - Data & Analytics,MG Global,,,https://www.naukri.com/job-listings-data-analyst-data-analytics-mg-global-mumbai-7-to-12-years-151022500284,7-12 Yrs,6 Days Ago,Not disclosed,Mumbai,"['Data analysis', 'Coding', 'Information security', 'Customer service', 'Manager Quality Control', 'Business intelligence', 'Information technology', 'Analytics']"
Data Analyst,VE Commercial Vehicles,4.0,(2070 Reviews),https://www.naukri.com/job-listings-data-analyst-ve-commercial-vehicles-limited-gurgaon-gurugram-3-to-5-years-141022011567,3-5 Yrs,7 Days Ago,"6,00,000 - 9,00,000 PA.",Gurgaon/Gurugram,"['MIS', 'Data Analytics', 'Microsoft Excel', 'Database Marketing', 'Data Management', 'Statistical Data Analysis', 'Business Analysis']"
Senior Business Analyst/Data Engineer - Python/AWS/SQL,Huquo Consulting Pvt. Ltd,,,https://www.naukri.com/job-listings-senior-business-analyst-data-engineer-python-aws-sql-huquo-consulting-pvt-ltd-bangalore-bengaluru-3-to-6-years-221022900828,3-6 Yrs,Just Now,Not disclosed,Bangalore/Bengaluru,"['Python', 'PySpark', 'Snowflake', 'EDM', 'ORM', 'Aws Glue Athena', 'Databricks', 'SQL']"
Senior Business Analyst - Data Forensics,Fidelity International,4.3,(302 Reviews),https://www.naukri.com/job-listings-senior-business-analyst-data-forensics-fil-india-business-and-research-services-private-limited-gurgaon-gurugram-4-to-7-years-171022901686,4-7 Yrs,4 Days Ago,Not disclosed,Gurgaon/Gurugram,"['business analysis', 'Data Modelling', 'Data Forensics', 'data analysis', 'Data Management', 'data strategy', 'Data Architecture', 'Data Governance']"
Business Data Analyst,Merito.in,,,https://www.naukri.com/job-listings-business-data-analyst-merito-in-mumbai-5-to-10-years-131022501827,5-10 Yrs,8 Days Ago,Not disclosed,Mumbai,"['SAN', 'customer analytics', 'PDF', 'Technical writing', 'Analytical', 'Social media', 'MySQL', 'SMS']"
Senior Data Analyst | Fortune500 Banking Company,Talent500,3.2,(13 Reviews),https://www.naukri.com/job-listings-senior-data-analyst-fortune500-banking-company-talent500-tech-india-private-limited-bangalore-bengaluru-4-to-6-years-131022000201,4-6 Yrs,9 Days Ago,Not disclosed,Bangalore/Bengaluru,"['Data Analysis', 'Data Analytics']"
Senior Data Analyst,Yapsody,4.0,(5 Reviews),https://www.naukri.com/job-listings-senior-data-analyst-yapsody-india-pvt-ltd-mumbai-all-areas-3-to-5-years-160922008615,3-5 Yrs,14 Days Ago,Not disclosed,Permanent Remote,"['Data Analysis', 'Data Analytics', 'IT Skills', 'Quality Assurance', 'Data Science', 'SAS', 'Statistical Modeling', 'Data Mining']"
Senior Data Management Analyst,Wells Fargo,4.2,(3409 Reviews),https://www.naukri.com/job-listings-senior-data-management-analyst-wells-fargo-india-solutions-pvt-ltd-hyderabad-secunderabad-7-to-12-years-191022500876,7-12 Yrs,2 Days Ago,Not disclosed,Hyderabad/Secunderabad,"['Excel', 'Data modeling', 'Analytical', 'Transfer pricing', 'Data quality', 'Business strategy', 'Data mining', 'Stakeholder management']"
Financial Data Analyst || Kolkata,2coms,,,https://www.naukri.com/job-listings-financial-data-analyst-kolkata-2coms-bangalore-bengaluru-kolkata-9-to-9-years-171022905184,9-9 Yrs,4 Days Ago,Not disclosed,"Bangalore/Bengaluru, Kolkata","['Accounting Principles', 'Financial Data Analyst', 'Accounting', 'Finance']"
AVP-Data Analyst,Allegis Services India Pvt. Ltd.,,,https://www.naukri.com/job-listings-avp-data-analyst-allegis-services-india-pvt-ltd-gurgaon-gurugram-11-to-16-years-171022004883,11-16 Yrs,4 Days Ago,Not disclosed,Hybrid - Gurgaon/Gurugram,"['Power Bi', 'Data Analysis', 'Power-Bi', 'Data Analyst', 'Data Analytics', 'Data Validation', 'Data Modelling', 'Data Manipulation']"
Data Analyst | Bangalore,Infra.Market,4.2,(133 Reviews),https://www.naukri.com/job-listings-data-analyst-bangalore-hella-infra-market-private-limited-bangalore-bengaluru-3-to-8-years-061022004811,3-8 Yrs,15 Days Ago,Not disclosed,Bangalore/Bengaluru,"['python', 'data analysis', 'power bi', 'Tableau', 'sql', 'technical writing', 'sas', 'data mining']"
Data Analyst -Python_Pyspark,Capco,3.8,(222 Reviews),https://www.naukri.com/job-listings-data-analyst-python-pyspark-capco-technologies-pvt-ltd-bangalore-bengaluru-3-to-7-years-141022500239,3-7 Yrs,7 Days Ago,Not disclosed,Bangalore/Bengaluru,"['Relationship management', 'Data analysis', 'Bfsi', 'Business analysis', 'Risk assessment', 'Data quality', 'Investment banking', 'Asset management']"
Data Analyst - NDHM - Delhi,National Institute For Smart Government (nisg),3.4,(116 Reviews),https://www.naukri.com/job-listings-data-analyst-ndhm-delhi-nisg-national-institute-for-smart-government-new-delhi-4-to-9-years-241121006803,4-9 Yrs,3 Days Ago,Not disclosed,New Delhi,"['Public Health', 'Data Analysis', 'Health Insurance']"
HR Data Analyst,Hitachi Ltd.,4.0,(4635 Reviews),https://www.naukri.com/job-listings-hr-data-analyst-hitachi-ltd-mumbai-3-to-6-years-101022501494,3-6 Yrs,11 Days Ago,Not disclosed,Mumbai,"['Data analysis', 'Data validation', 'Packaging', 'Healthcare', 'healthcare analytics', 'data integrity', 'Data Analyst', 'Japanese']"
Data Analyst III,Walmart,4.2,(12754 Reviews),https://www.naukri.com/job-listings-data-analyst-iii-walmart-labs-bangalore-bengaluru-3-to-7-years-131022502093,3-7 Yrs,8 Days Ago,Not disclosed,Bangalore/Bengaluru,"['power BI', 'SQL', 'IT Skills', 'Data analysis', 'Publishing', 'Data Analyst', 'Scheduling', 'Business intelligence']"
Data Analyst | Bangalore / Chennai,Infra.Market,4.2,(133 Reviews),https://www.naukri.com/job-listings-data-analyst-bangalore-chennai-hella-infra-market-private-limited-chennai-bangalore-bengaluru-3-to-8-years-061022604813,3-8 Yrs,15 Days Ago,Not disclosed,"Chennai, Bangalore/Bengaluru","['python', 'data analysis', 'power bi', 'technical writing', 'sas', 'data mining', 'Tableau', 'sql']"
Data Analyst,RS Consultants,,,https://www.naukri.com/job-listings-data-analyst-rs-consultants-pune-0-to-5-years-111022617575,0-5 Yrs,10 Days Ago,"1,50,000 - 3,00,000 PA.",Pune,"['MS Excel', 'Data Analyst', 'SQL']"
Data Analyst,WEN - Women Entrepren,,,https://www.naukri.com/job-listings-data-analyst-wen-women-entrepren-delhi-ncr-0-to-3-years-061022909097,0-3 Yrs,15 Days Ago,Not disclosed,Delhi / NCR,"['data analysis', 'business reporting', 'Data Analyst', 'business method analysis']"
Junior Data Analyst,XELENTRA-BUSINESS SOLUTIONS ,,,https://www.naukri.com/job-listings-junior-data-analyst-xelentra-business-solutions-chennai-bangalore-bengaluru-1-to-3-years-111022010695,1-3 Yrs,10 Days Ago,"2,75,000 - 3,00,000 PA.","Chennai, Bangalore/Bengaluru","['data analysis', 'Data Management', 'Data Extraction']"
Data Analyst,Quickxpert Infotech,3.0,(22 Reviews),https://www.naukri.com/job-listings-data-analyst-quickxpert-infotech-kolkata-indore-hyderabad-secunderabad-pune-ahmedabad-chennai-bangalore-bengaluru-delhi-ncr-mumbai-all-areas-0-to-5-years-200722010262,0-5 Yrs,3 Days Ago,Not disclosed,"Kolkata, Indore, Hyderabad/Secunderabad, Pune, Ahmedabad, Chennai, Bangalore/Bengaluru, Delhi / NCR, Mumbai (All Areas)","['SQL', 'python', 'C++', 'C', 'it', 'trainee', 'data analyst', 'bcom']"
Senior Data Analyst,Syren Technologies,4.5,(4 Reviews),https://www.naukri.com/job-listings-senior-data-analyst-syren-technologies-private-limited-hyderabad-secunderabad-3-to-5-years-191022500760,3-5 Yrs,2 Days Ago,Not disclosed,Hyderabad/Secunderabad,"['IT Skills', 'Python', 'Testing', 'Cloud', 'Tableau', 'Power BI', 'Azure', 'Automation']"
Senior Data Analyst,Hopper,,,https://www.naukri.com/job-listings-senior-data-analyst-hopper-remote-3-to-8-years-181022501999,3-8 Yrs,3 Days Ago,Not disclosed,Remote,"['Computer science', 'Hospitality', 'Data analysis', 'Google Analytics', 'Analytical', 'Business intelligence', 'Data mining', 'Financial services']"
Senior Data Analyst,Fidelity International,4.3,(302 Reviews),https://www.naukri.com/job-listings-senior-data-analyst-fil-india-business-and-research-services-private-limited-gurgaon-gurugram-5-to-7-years-141022913490,5-7 Yrs,7 Days Ago,Not disclosed,Gurgaon/Gurugram,"['Data analysis', 'MS SQL', 'Application support', 'Power BI', 'Coding', 'PLSQL', 'Security Management', 'Data Warehousing']"
Staff Data Analyst - R/SQL/Python,GM INFOTECH,,,https://www.naukri.com/job-listings-staff-data-analyst-r-sql-python-gm-infotech-bangalore-bengaluru-6-to-8-years-221022900625,6-8 Yrs,Just Now,Not disclosed,Bangalore/Bengaluru,"['Python', 'IT Skills', 'Tableau', 'R', 'SAS', 'Power BI', 'data mining', 'data processing']"
"Data Analyst & Business Analyst Freshers Can Apply
",Freelancer Varsha Abhijeet Kakde  ,,,https://www.naukri.com/job-listings-data-analyst-business-analyst-freshers-can-apply-freelancer-varsha-abhijeet-kakde-pune-0-to-1-years-101022002526,0-1 Yrs,11 Days Ago,"1,50,000 - 3,25,000 PA.",Pune,"['core and advance python programming', 'Data Management', 'Tableau', 'Business Analysis', 'Data Science', 'Business Consulting', 'Algorithms', 'Python Data']"
Analyst - Clinical Data Management (CDM),Accenture,4.2,(32017 Reviews),https://www.naukri.com/job-listings-analyst-clinical-data-management-cdm-accenture-solutions-pvt-ltd-bangalore-bengaluru-3-to-5-years-191022909768,3-5 Yrs,2 Days Ago,Not disclosed,Bangalore/Bengaluru,"['Test scripts', 'EDC', 'Reconciliation', 'Unit testing', 'Clinical data management', 'IT Skills', 'Testing', 'Cloud']"
Data Analyst,State Street,3.8,(1456 Reviews),https://www.naukri.com/job-listings-data-analyst-statestreet-global-advisor-pvt-ltd-bangalore-bengaluru-1-to-3-years-111022500387,1-3 Yrs,10 Days Ago,Not disclosed,Bangalore/Bengaluru,"['metadata', 'Front end', 'Data management', 'Data modeling', 'XML', 'Analytical', 'Teradata', 'SQL']"
Trainee Business Analyst   Big Data Analysis,ALLERIN TECHNOLOGIES Pvt Ltd.,,,https://www.naukri.com/job-listings-trainee-business-analyst-big-data-analysis-allerin-technologies-pvt-ltd-mumbai-0-to-1-years-190417500473,0-1 Yrs,30+ Days Ago,Not disclosed,Mumbai,"['IT Skills', 'Software Development', 'Testing', 'Big Data', 'Copyright', 'Data analysis', 'Change management', 'Coding']"
Junior Data Analyst- Project Services,PM Group,4.6,(18 Reviews),https://www.naukri.com/job-listings-junior-data-analyst-project-services-pm-group-bangalore-bengaluru-2-to-6-years-181022501730,2-6 Yrs,3 Days Ago,Not disclosed,Bangalore/Bengaluru,"['Computer science', 'Data analysis', 'Coding', 'Project management', 'Machine learning', 'HTML', 'Business intelligence', 'Data mining']"
Data Analyst,Blinkit,3.8,(1162 Reviews),https://www.naukri.com/job-listings-data-analyst-grofers-bangalore-bengaluru-0-to-2-years-290722500583,0-2 Yrs,30+ Days Ago,Not disclosed,Bangalore/Bengaluru,"['Supply chain management', 'Assurance', 'Process improvement', 'Strategic planning', 'Manager Technology', 'Workflow', 'Data Analyst', 'Customer service']"
MIS Executive / Data Analyst,Zebronics,3.3,(181 Reviews),https://www.naukri.com/job-listings-mis-executive-data-analyst-zebronics-india-pvt-ltd-chennai-2-to-6-years-061022005808,2-6 Yrs,15 Days Ago,Not disclosed,Chennai,"['advanced excel', 'dashboards', 'Pivot Table', 'python', 'VLOOKUP', 'mis', 'HLOOKUP', 'powerpoint']"
MIS Executive | Data Analyst| Faridabad Location,Veye Research,3.9,(11 Reviews),https://www.naukri.com/job-listings-mis-executive-data-analyst-faridabad-location-veye-research-pvt-ltd-faridabad-3-to-6-years-121022014373,3-6 Yrs,9 Days Ago,"2,50,000 - 3,50,000 PA.",Faridabad,"['advanced excel', 'Data Analytics']"
Manager/Senior Manager - Data Analyst,Huquo Consulting Pvt. Ltd,,,https://www.naukri.com/job-listings-manager-senior-manager-data-analyst-huquo-consulting-pvt-ltd-mumbai-hyderabad-secunderabad-pune-gurgaon-gurugram-ahmedabad-jaipur-delhi-ncr-bangalore-bengaluru-2-to-7-years-061022903672,2-7 Yrs,15 Days Ago,Not disclosed,"Mumbai, Hyderabad/Secunderabad, Pune, Gurgaon/Gurugram, Ahmedabad, Jaipur, Delhi / NCR, Bangalore/Bengaluru","['Data Analysis', 'Airflow', 'data management', 'Tableau', 'SQL', 'Python']"
Senior Analyst - Data Management,Accenture,4.2,(32017 Reviews),https://www.naukri.com/job-listings-senior-analyst-data-management-accenture-solutions-pvt-ltd-bangalore-bengaluru-5-to-8-years-111022908157,5-8 Yrs,10 Days Ago,Not disclosed,Bangalore/Bengaluru,"['Publishing', 'Data management', 'Analytical', 'Artificial Intelligence', 'Consulting', 'Architecture', 'Database management system']"
Lead Data Analyst,Kwalee India,3.0,(5 Reviews),https://www.naukri.com/job-listings-lead-data-analyst-kwalee-india-private-limited-bangalore-bengaluru-2-to-7-years-181022005541,2-7 Yrs,3 Days Ago,Not disclosed,Bangalore/Bengaluru,"['python', 'data science', 'exploratory data analysis', 'NoSQL', 'Tableau', 'SQL', 'statistics']"
Data Analyst - Digital Ad Ops,Iopex Technologies,4.1,(943 Reviews),https://www.naukri.com/job-listings-data-analyst-digital-ad-ops-iopex-technologies-pvt-ltd-chennai-bangalore-bengaluru-4-to-9-years-171022500134,4-9 Yrs,4 Days Ago,Not disclosed,"Chennai, Bangalore/Bengaluru","['Social media', 'MySQL', 'Debugging', 'Data Analyst', 'Business intelligence', 'Troubleshooting', 'Analytics', 'SQL']"
Data Analyst - MDM,Shell,4.4,(1257 Reviews),https://www.naukri.com/job-listings-data-analyst-mdm-shell-india-markets-private-limited-bangalore-bengaluru-5-to-8-years-181022910627,5-8 Yrs,3 Days Ago,Not disclosed,Bangalore/Bengaluru,"['Data analysis', 'Data Mappings', 'business intelligence', 'Data warehousing', 'SQL queries', 'IICS', 'Data validation', 'SQL programming']"
Data Analyst - (2-4 yrs of experience),Knowledge Foundry Business Solutions,,,https://www.naukri.com/job-listings-data-analyst-2-4-yrs-of-experience-knowledge-foundry-business-solutions-pvt-ltd-bangalore-bengaluru-2-to-4-years-171022006831,2-4 Yrs,4 Days Ago,Not disclosed,Bangalore/Bengaluru,"['MS Excel', 'Communication skills', 'Data Visualization', 'SQL']"
Data Analyst,Jiosaavn,3.7,(15 Reviews),https://www.naukri.com/job-listings-data-analyst-saavn-media-pvt-ltd-gurgaon-gurugram-3-to-4-years-181022500850,3-4 Yrs,3 Days Ago,Not disclosed,Gurgaon/Gurugram,"['Communication Skills', 'Customer Experience', 'Advanced Analytics', 'Data Analysis', 'Data Mining', 'Data Analyst', 'Tableau', 'Machine Learning']"
Engineer Data Analyst,Valeo,3.9,(682 Reviews),https://www.naukri.com/job-listings-engineer-data-analyst-valeo-india-pvt-ltd-chennai-1-to-4-years-151022501971,1-4 Yrs,6 Days Ago,Not disclosed,Chennai,"['Text mining', 'PDF', 'Data quality', 'Natural language processing', 'Data mining', 'Information technology', 'SQL', 'Data extraction']"
Lead Data Analyst - Customer Analytics | Northern Tool & Equipments,Talent500,3.2,(13 Reviews),https://www.naukri.com/job-listings-lead-data-analyst-customer-analytics-northern-tool-equipments-talent500-tech-india-private-limited-hyderabad-secunderabad-4-to-9-years-141022011607,4-9 Yrs,7 Days Ago,Not disclosed,Hyderabad/Secunderabad,['SAS']
Strategy Analyst- Data Analytics,Barclays Shared Services (bss),4.2,(1007 Reviews),https://www.naukri.com/job-listings-strategy-analyst-data-analytics-barclays-global-service-centre-private-limited-noida-2-to-7-years-090922005849,2-7 Yrs,1 Day Ago,Not disclosed,Noida,"['sas', 'Strategy Formulation', 'Business Optimization', 'Data Analytics', 'SQL', 'python', 'data science', 'Statistical Modeling']"
Data Analyst,Haleon,3.5,(2 Reviews),https://www.naukri.com/job-listings-data-analyst-haleon-hyderabad-secunderabad-4-to-6-years-181022502006,4-6 Yrs,3 Days Ago,Not disclosed,Hyderabad/Secunderabad,"['Procurement', 'Excel', 'Data management', 'Equity', 'Clinical trials', 'Healthcare', 'Data quality', 'Operations']"
Business / Data Analyst,CliqHR Recruitment Services,,,https://www.naukri.com/job-listings-business-data-analyst-cliqhr-recruitment-services-pune-8-to-9-years-141022916953,8-9 Yrs,7 Days Ago,Not disclosed,Pune,"['Data Analysis', 'R', 'Tableau', 'Excel', 'SQL', 'Big data', 'Spark', 'Python']"
Business Analyst- Data Platform 2023 PDT | 8-13 Years | Bangalore,Techstar IT Services Pvt. Ltd.,,,https://www.naukri.com/job-listings-business-analyst-data-platform-2023-pdt-8-13-years-bangalore-techstar-it-services-pvt-ltd-bangalore-bengaluru-8-to-13-years-191022611595,8-13 Yrs,2 Days Ago,Not disclosed,Bangalore/Bengaluru,"['Cargo', 'Business Analyst', 'stakeholders']"
Business Analyst- Data Platform 2023 PDT | 8-13 Years | Bangalore,Techstar IT Services Pvt. Ltd.,,,https://www.naukri.com/job-listings-business-analyst-data-platform-2023-pdt-8-13-years-bangalore-techstar-it-services-pvt-ltd-bangalore-bengaluru-8-to-13-years-191022011594,8-13 Yrs,2 Days Ago,Not disclosed,Bangalore/Bengaluru,"['Cargo', 'Business Analyst', 'stakeholders']"
Business Data Analyst,ReSource Pro,4.2,(132 Reviews),https://www.naukri.com/job-listings-business-data-analyst-resource-pro-remote-2-to-7-years-071022501213,2-7 Yrs,14 Days Ago,Not disclosed,Remote,"['Data migration', 'Quality standards', 'Statistical analysis', 'Data modeling', 'Business Data Analyst', 'data mapping', 'Operations', 'Analytics']"
SAP Master Data Governance MDG Tool Business Analyst,Accenture,4.2,(32017 Reviews),https://www.naukri.com/job-listings-sap-master-data-governance-mdg-tool-business-analyst-accenture-solutions-pvt-ltd-gurgaon-gurugram-4-to-6-years-141022915103,4-6 Yrs,7 Days Ago,Not disclosed,Gurgaon/Gurugram,"['SAP', 'Team management', 'Data management', 'Consulting', 'Troubleshooting', 'management', 'Written', 'IT Skills']"
Data Analyst,Greencross Export,,,https://www.naukri.com/job-listings-data-analyst-greencross-export-private-limited-ahmedabad-0-to-1-years-151022006242,0-1 Yrs,6 Days Ago,"1,75,000 - 2,25,000 PA.",Ahmedabad,"['Word and other Microsoft tools knowledge', 'data analysis', 'Have Excellent Excel', 'market analysis']"
Senior Data Analyst,Cleint of Vision Unlimited,,,https://www.naukri.com/job-listings-senior-data-analyst-cleint-of-vision-unlimited-mohali-chandigarh-2-to-7-years-051120601132,2-7 Yrs,4 Days Ago,"4,00,000 - 6,50,000 PA.","Mohali, Chandigarh","['Business Analytics', 'Data Analysis', 'kpo', 'Reporting', 'Data Analytics']"
Senior Data Analyst | HyVee,Talent500,3.2,(13 Reviews),https://www.naukri.com/job-listings-senior-data-analyst-hyvee-talent500-tech-india-private-limited-bangalore-bengaluru-6-to-8-years-131022000193,6-8 Yrs,9 Days Ago,Not disclosed,Bangalore/Bengaluru,['SQL']
Sr. Data Analyst- Collection Analytics,Vantageiq Technologies Opc,,,https://www.naukri.com/job-listings-sr-data-analyst-collection-analytics-vantageiq-technologies-opc-private-limited-pune-2-to-5-years-150922003588,2-5 Yrs,12 Days Ago,Not disclosed,Pune,"['python', 'credit cards', 'statistical modeling', 'Tableau', 'SQL', 'r python', 'data analysis', 'quatitative analysis']"
Senior Data Analyst,Vconstruct,4.3,(51 Reviews),https://www.naukri.com/job-listings-senior-data-analyst-vconstruct-private-limited-pune-3-to-6-years-111022916424,3-6 Yrs,10 Days Ago,Not disclosed,Pune,"['Power Bi', 'SQL', 'Data Analytics', 'Data Validation', 'SSRS', 'R Language', 'SQL Queries', 'Tableau']"
Senior Data Analyst,Silicon Labs,4.3,(12 Reviews),https://www.naukri.com/job-listings-senior-data-analyst-silicon-laboratories-hyderabad-secunderabad-2-to-5-years-071022500481,2-5 Yrs,14 Days Ago,Not disclosed,Hyderabad/Secunderabad,"['Wireless', 'Senior Data Analyst', 'Equity', 'market data', 'Data Analyst', 'Data analytics', 'data visualization', 'CRM']"
Senior Data Management Analyst,Wells Fargo,4.2,(3409 Reviews),https://www.naukri.com/job-listings-senior-data-management-analyst-wells-fargo-india-solutions-pvt-ltd-bangalore-bengaluru-4-to-7-years-191022500877,4-7 Yrs,2 Days Ago,Not disclosed,Bangalore/Bengaluru,"['Data management', 'Analytical', 'Agile', 'Data quality', 'Visio', 'microsoft', 'Operations', 'Monitoring']"
Senior Data Analyst,Lithium Urban Technologies,4.2,(40 Reviews),https://www.naukri.com/job-listings-senior-data-analyst-lithium-urban-technologies-pvt-ltd-bangalore-bengaluru-4-to-8-years-131022008184,4-8 Yrs,8 Days Ago,"9,00,000 - 12,00,000 PA.",Bangalore/Bengaluru,"['data analysis', 'sql', 'business analysis']"
Senior HR Data Analyst Role @ FourKites,Fourkites,3.7,(17 Reviews),https://www.naukri.com/job-listings-senior-hr-data-analyst-role-fourkites-fourkites-india-pvt-ltd-chennai-6-to-9-years-061022001704,6-9 Yrs,15 Days Ago,Not disclosed,Chennai,"['excel', 'data management', 'HRIS', 'IT Skills', 'Tableau', 'Power BI']"
Senior Analyst - Data Management,Accenture,4.2,(32017 Reviews),https://www.naukri.com/job-listings-senior-analyst-data-management-accenture-solutions-pvt-ltd-bangalore-bengaluru-5-to-8-years-141022914856,5-8 Yrs,7 Days Ago,Not disclosed,Bangalore/Bengaluru,"['Publishing', 'Data management', 'Artificial Intelligence', 'Consulting', 'SQL', 'Architecture', 'Senior management', 'Database management system']"
Senior Analyst - Data Management,Accenture,4.2,(32017 Reviews),https://www.naukri.com/job-listings-senior-analyst-data-management-accenture-solutions-pvt-ltd-bangalore-bengaluru-5-to-8-years-141022914621,5-8 Yrs,7 Days Ago,Not disclosed,Bangalore/Bengaluru,"['Publishing', 'Data management', 'Consulting', 'Analytics', 'SQL', 'IT Skills', 'Artificial Intelligence', 'Cloud']"
Data Analyst|2-4 yrs Exp|Sal up To 12LPA| WFH,Adecco India Private Limited   ,,,https://www.naukri.com/job-listings-data-analyst-2-4-yrs-exp-sal-up-to-12lpa-wfh-adecco-india-private-limited-mumbai-hyderabad-secunderabad-chennai-2-to-4-years-131022008589,2-4 Yrs,8 Days Ago,"8,00,000 - 12,00,000 PA.","Temp. WFH - Mumbai, Hyderabad/Secunderabad, Chennai","['Insight Generation', 'Power Bi Dashboards', 'Data Management', 'Data Analysis', 'Tableau', 'powerpoint', 'Hadoop', 'Power BI']"
"Data Analyst (Pyspark, Scala, Kafka)",Persistent,4.1,(1567 Reviews),https://www.naukri.com/job-listings-data-analyst-pyspark-scala-kafka-persistent-systems-limited-bangalore-bengaluru-8-to-12-years-191022010667,8-12 Yrs,2 Days Ago,Not disclosed,Bangalore/Bengaluru,"['IT Skills', 'Python', 'Tableau', 'Jupyter Notebooks', 'SQL Skills']"
HR Data Analyst,Hitachi Ltd.,4.0,(4635 Reviews),https://www.naukri.com/job-listings-hr-data-analyst-hitachi-ltd-new-delhi-2-to-4-years-101022501496,2-4 Yrs,11 Days Ago,Not disclosed,New Delhi,"['Data analysis', 'Data validation', 'Healthcare', 'data integrity', 'healthcare analytics', 'HR', 'Japanese', 'Statistics']"
HR Data Analyst,Hitachi Ltd.,4.0,(4635 Reviews),https://www.naukri.com/job-listings-hr-data-analyst-hitachi-ltd-hyderabad-secunderabad-3-to-6-years-101022501495,3-6 Yrs,11 Days Ago,Not disclosed,Hyderabad/Secunderabad,"['Data analysis', 'Data validation', 'Healthcare', 'data integrity', 'healthcare analytics', 'HR', 'Japanese', 'Statistics']"
"CA,CA intern, Accountant, Data Analyst, MIS, Tele Caller & Credit.",Grow Money Capital,,,https://www.naukri.com/job-listings-ca-ca-intern-accountant-data-analyst-mis-tele-caller-credit-grow-money-capital-private-limited-delhi-ncr-2-to-7-years-141022017036,2-7 Yrs,7 Days Ago,"5,00,000 - 15,00,000 PA.",Delhi / NCR(Barakhamba Road),"['Data Analyst', 'Collection Management', 'CA intern', 'Accountant', 'Recovery Operations', 'MIS &Tele Caller', 'Collections', 'Recovery']"
Senior Data Research Analyst,Morningstar,4.3,(447 Reviews),https://www.naukri.com/job-listings-senior-data-research-analyst-morningstar-india-p-ltd-mumbai-0-to-3-years-050822502204,0-3 Yrs,30+ Days Ago,Not disclosed,Mumbai,"['Manager Quality Assurance', 'Data management', 'Analytical', 'Data collection', 'GAAP', 'Data quality', 'IFRS', 'Continuous improvement']"
Informatica Business/Data Analyst,Qentelli,4.7,(135 Reviews),https://www.naukri.com/job-listings-informatica-business-data-analyst-qentelli-solutions-private-limited-hyderabad-secunderabad-7-to-12-years-201022605442,7-12 Yrs,1 Day Ago,"15,00,000 - 20,00,000 PA.",Temp. WFH - Hyderabad/Secunderabad,"['Informatica Mdm', 'Agile Methodology', 'Oracle Database', 'Waterfall Methodology', 'SQL', 'IT Skills', 'Software Development', 'Testing']"
Informatica Business/Data Analyst,Qentelli,4.7,(135 Reviews),https://www.naukri.com/job-listings-informatica-business-data-analyst-qentelli-solutions-private-limited-hyderabad-secunderabad-7-to-12-years-201022005440,7-12 Yrs,1 Day Ago,"15,00,000 - 20,00,000 PA.",Temp. WFH - Hyderabad/Secunderabad,"['Informatica Mdm', 'Agile Methodology', 'Oracle Database', 'Waterfall Methodology', 'SQL', 'API Frameworks', 'Azure Devops']"
Business Analyst - Big Data,Societe Generale,3.9,(1351 Reviews),https://www.naukri.com/job-listings-business-analyst-big-data-societe-generale-global-solution-centre-bangalore-bengaluru-6-to-11-years-181022500287,6-11 Yrs,3 Days Ago,Not disclosed,Bangalore/Bengaluru,"['Bigdata', 'Agile', 'HDFS', 'written communication', 'Scrum', 'Hive', 'verbal', 'JIRA']"
Jr Data Analyst,Institutional Shareholder Services,3.5,(29 Reviews),https://www.naukri.com/job-listings-jr-data-analyst-institutional-shareholder-services-inc-mumbai-0-to-2-years-240322500880,0-2 Yrs,30+ Days Ago,Not disclosed,Mumbai,"['Root cause analysis', 'Corporate governance', 'Analytical', 'Data collection', 'ISS', 'MS Office', 'Financial services', 'Monitoring']"
Jr. Data Analyst,Institutional Shareholder Services,3.5,(29 Reviews),https://www.naukri.com/job-listings-jr-data-analyst-institutional-shareholder-services-inc-mumbai-0-to-2-years-070421500923,0-2 Yrs,30+ Days Ago,Not disclosed,Mumbai,"['Claims', 'Corporate governance', 'Business research', 'Analytical', 'Data collection', 'ISS', 'MS Office', 'Financial services']"
Data Analyst,Thrillophilia,3.1,(62 Reviews),https://www.naukri.com/job-listings-data-analyst-thrillophilia-jaipur-0-to-3-years-111220500949,0-3 Yrs,30+ Days Ago,Not disclosed,Jaipur,"['Business objects', 'PDF', 'Database design', 'Process improvement', 'Data collection', 'Data Analyst', 'Data analytics', 'Data mining']"
data analyst / data analytics - US MNC (analytics),Aspyra HR Services  ,,,https://www.naukri.com/job-listings-data-analyst-data-analytics-us-mnc-analytics-aspyra-hr-services-gurgaon-gurugram-bangalore-bengaluru-2-to-7-years-171022001339,2-7 Yrs,4 Days Ago,"12,00,000 - 22,00,000 PA.","Temp. WFH - Gurgaon/Gurugram, Bangalore/Bengaluru","['sql', 'Business Intelligence', 'python', 'data analytics', 'data analysis', 'sas', 'Credit Risk Modelling', 'Collections Strategy']"
Lead Data Analyst - US MNC (analytics),Aspyra HR Services  ,,,https://www.naukri.com/job-listings-lead-data-analyst-us-mnc-analytics-aspyra-hr-services-gurgaon-gurugram-bangalore-bengaluru-5-to-10-years-171022001295,5-10 Yrs,4 Days Ago,"20,00,000 - 35,00,000 PA.","Temp. WFH - Gurgaon/Gurugram, Bangalore/Bengaluru","['sql', 'Business Intelligence', 'python', 'data analysis', 'SAS', 'Credit Card Analytics', 'power bi', 'Credit Risk Modelling']"
Data Analyst,SUN CONSULTANTS  ,,,https://www.naukri.com/job-listings-data-analyst-sun-consultants-thane-4-to-6-years-240822006673,4-6 Yrs,2 Days Ago,"4,00,000 - 8,00,000 PA.",Thane,"['Excel', 'SQL', 'Data Analysis', 'Data Analyst']"
"Team Lead, Data Analyst, SQL, Agile, Finance",State Street,3.8,(1456 Reviews),https://www.naukri.com/job-listings-team-lead-data-analyst-sql-agile-finance-statestreet-global-advisor-pvt-ltd-bangalore-bengaluru-4-to-8-years-121022500051,4-8 Yrs,9 Days Ago,Not disclosed,Bangalore/Bengaluru,"['Data analysis', 'Business analysis', 'MIS', 'Data Analyst', 'Data quality', 'Gap analysis', 'Continuous improvement', 'Operations']"
Data Analyst,Ckuens Analytics,,,https://www.naukri.com/job-listings-data-analyst-ckuens-analytics-private-limited-bangalore-bengaluru-2-to-5-years-101022004848,2-5 Yrs,11 Days Ago,Not disclosed,Temp. WFH - Bangalore/Bengaluru,"['Data Science', 'Credit Risk Management', 'Python Data Analytics', 'Statistical Modeling', 'Machine Learning', 'analytical', 'Predictive Modeling', 'Fraud Management System']"
Data Analyst/Product Analyst - Tableau/Python,Benchire,4.8,(3 Reviews),https://www.naukri.com/job-listings-data-analyst-product-analyst-tableau-python-benchire-bangalore-bengaluru-3-to-6-years-071022915277,3-6 Yrs,14 Days Ago,Not disclosed,Bangalore/Bengaluru,"['Python', 'Product Analyst', 'Reporting Analytics', 'Business Analyst', 'Data Analyst', 'Tableau', 'Analytics', 'SQL']"
Data Management - Data Analyst-IT II,Varite,3.8,(79 Reviews),https://www.naukri.com/job-listings-data-management-data-analyst-it-ii-varite-bangalore-bengaluru-3-to-5-years-121022500910,3-5 Yrs,9 Days Ago,Not disclosed,Bangalore/Bengaluru,"['IT Analyst', 'Interpersonal skills', 'Excel', 'Data management', 'Data quality', 'Data Analyst', 'SQL']"
"Data Analyst, Digital Finance",Novartis Healthcare,4.2,(269 Reviews),https://www.naukri.com/job-listings-data-analyst-digital-finance-novartis-healthcare-pvt-ltd-hyderabad-secunderabad-1-to-4-years-121022500953,1-4 Yrs,9 Days Ago,Not disclosed,Hyderabad/Secunderabad,"['Data modeling', 'Coding', 'Resource allocation', 'Machine learning', 'Data analytics', 'Data mining', 'SQL', 'Python']"
Data Analyst,H K Jewels,3.2,(35 Reviews),https://www.naukri.com/job-listings-data-analyst-h-k-jewels-pvt-ltd-surat-mumbai-all-areas-3-to-8-years-150922004706,3-8 Yrs,14 Days Ago,Not disclosed,"Surat, Mumbai (All Areas)","['Excel', 'data analytics', 'PowerBI', 'data science', 'Qlik']"
Data Analyst,REGAAL RESOURCES LIMITED   ,2.6,(7 Reviews),https://www.naukri.com/job-listings-data-analyst-regaal-resources-limited-kolkata-2-to-4-years-111022008462,2-4 Yrs,10 Days Ago,"2,00,000 - 4,00,000 PA.",Kolkata,"['Excel', 'MIS', 'Data Management', 'Data Extraction', 'Data Analytics', 'report preparation', 'Data Analysis', 'Data']"
SAS Data Analyst,VIAPROM Analytics,,,https://www.naukri.com/job-listings-sas-data-analyst-viaprom-analytics-mumbai-2-to-3-years-071022911782,2-3 Yrs,14 Days Ago,Not disclosed,Mumbai,"['SAS', 'Excel', 'data analytics', 'SAS Data Analyst', 'SQL']"
Battery Data Analyst,Auto India,4.7,(4 Reviews),https://www.naukri.com/job-listings-battery-data-analyst-auto-motive-power-inc-bangalore-bengaluru-4-to-6-years-111022502235,4-6 Yrs,10 Days Ago,Not disclosed,Bangalore/Bengaluru,"['data services', 'pricing analysis', 'big data analytics', 'Cloud', 'Machine learning', 'Data Analyst', 'Data analytics', 'big data']"
"Data Analyst - Snowflake, Cloud",Coforge,3.8,(971 Reviews),https://www.naukri.com/job-listings-data-analyst-snowflake-cloud-coforge-noida-greater-noida-bangalore-bengaluru-6-to-8-years-141022502175,6-8 Yrs,7 Days Ago,Not disclosed,"Noida, Greater Noida, Bangalore/Bengaluru","['Snowflake', 'Data Warehouse', 'Azure', 'AWS', 'analytical', 'Data Integration', 'Data Lake', 'Agile']"
Data Specialist/Junior Data analyst,Fidelity International,4.3,(302 Reviews),https://www.naukri.com/job-listings-data-specialist-junior-data-analyst-fil-india-business-and-research-services-private-limited-gurgaon-gurugram-2-to-5-years-181022914879,2-5 Yrs,3 Days Ago,Not disclosed,Gurgaon/Gurugram,"['equity valuation', 'Data analyst', 'Excel', 'Bloomberg', 'VBA', 'FactSet', 'app analytics', 'Technical Analysis']"
Junior Data Analyst,V2 Technologies,4.5,(3 Reviews),https://www.naukri.com/job-listings-junior-data-analyst-v2-technologies-new-delhi-1-to-2-years-181022502204,1-2 Yrs,3 Days Ago,Not disclosed,New Delhi,"['data analysis', 'GCP', 'Google Data studio', 'cloud', 'Power BI', 'SQL queries', 'AWS', 'Tableau']"
Data Scientist/Analyst - BFSI,Human Tree India,,,https://www.naukri.com/job-listings-data-scientist-analyst-bfsi-human-tree-india-mumbai-thane-navi-mumbai-3-to-5-years-221022901443,3-5 Yrs,Just Now,Not disclosed,"Mumbai, Thane, Navi Mumbai","['data mining', 'Java', 'R', 'C++', 'Power BI', 'Data Scientist', 'Scala', 'Hadoop']"
Data Analyst,P. S International Hr Consultants,4.6,(3 Reviews),https://www.naukri.com/job-listings-data-analyst-p-s-international-hr-consultants-mumbai-0-to-4-years-081022500461,0-4 Yrs,13 Days Ago,Not disclosed,Mumbai,"['Automation', 'Networking', 'Configuration management', 'Agile', 'Workflow', 'Visual Studio', 'SSIS', 'microsoft']"
ASSISTANT DATA ANALYST,Aditya Pharmacy,1.9,(2 Reviews),https://www.naukri.com/job-listings-assistant-data-analyst-aditya-pharmacy-hyderabad-secunderabad-0-to-2-years-231221500803,0-2 Yrs,30+ Days Ago,Not disclosed,Hyderabad/Secunderabad,['Data Analyst']
Reference Data Analyst,Deutsche Bank,4.2,(2163 Reviews),https://www.naukri.com/job-listings-reference-data-analyst-deutsche-bank-jaipur-0-to-6-years-100822500674,0-6 Yrs,30+ Days Ago,Not disclosed,Jaipur,"['Front office', 'Automation', 'Team management', 'Fixed income', 'SSI', 'Swaps', 'Data Analyst', 'Cam']"
Data Analyst,MG plc,4.0,(4 Reviews),https://www.naukri.com/job-listings-data-analyst-mg-plc-mumbai-0-to-3-years-141022502801,0-3 Yrs,7 Days Ago,Not disclosed,Mumbai,"['Data analysis', 'Manager Internal Audit', 'Assurance', 'Networking', 'Business analytics', 'Analytical', 'Asset management', 'Risk management']"
Senior Data Analyst - KPO,Huquo Consulting Pvt. Ltd,,,https://www.naukri.com/job-listings-senior-data-analyst-kpo-huquo-consulting-pvt-ltd-gurgaon-gurugram-bangalore-bengaluru-7-to-12-years-071022909009,7-12 Yrs,14 Days Ago,Not disclosed,"Gurgaon/Gurugram, Bangalore/Bengaluru","['Data Analysis', 'Data model', 'Pyspark', 'SQL queries', 'Data management', 'Scala', 'Banking', 'Hadoop']"
